"Ip","Time","Request_Type","Serverside_Status","num_of_bytes","URL"
"255.45.213.149","[03/Jul/2018:16:31:13","PUT /category HTTP/1.1","400","402","https://www.martinez.com/explore/blog/author.htm"
"229.235.188.13","[03/Jul/2018:16:31:14","GET /categories/wp-content/main HTTP/1.1","200","127","https://www.hancock.com/index.htm"
"67.251.46.183","[03/Jul/2018:16:31:14","GET /blog/list/search HTTP/1.1","401","581","http://barr-morgan.biz/app/blog/search/"
"92.163.190.209","[03/Jul/2018:16:31:15","POST /wp-content/blog/tags HTTP/1.1","400","536","https://holloway-castillo.com/"
"194.93.50.85","[03/Jul/2018:16:31:15","POST /explore/category HTTP/1.1","200","612","http://brewer.biz/"
"56.99.23.104","[03/Jul/2018:16:31:16","GET /blog/categories HTTP/1.1","401","894","http://www.jimenez.info/search/"
"185.77.9.250","[03/Jul/2018:16:31:16","GET /explore/list HTTP/1.1","401","197","https://grant-williams.com/tags/explore/list/privacy/"
"32.145.130.2","[03/Jul/2018:16:31:17","POST /posts/app/search HTTP/1.1","400","219","http://krueger.com/categories/tag/tags/home.html"
"76.52.184.28","[03/Jul/2018:16:31:17","PUT /list/categories HTTP/1.1","200","270","https://fernandez.info/"
"65.34.153.91","[03/Jul/2018:16:31:18","POST /category/categories/categories HTTP/1.1","400","547","https://jordan.com/"
"102.138.166.187","[03/Jul/2018:16:31:18","POST /search HTTP/1.1","401","104","http://hernandez.net/main/"
"231.121.196.175","[03/Jul/2018:16:31:19","PUT /app/tags/main HTTP/1.1","401","217","https://www.kemp.com/"
"230.80.80.252","[03/Jul/2018:16:31:20","GET /category/categories/wp-content HTTP/1.1","400","673","http://charles.org/list/category/explore/main/"
"80.62.201.94","[03/Jul/2018:16:31:20","GET /list/categories/app HTTP/1.1","401","876","https://www.ward-patterson.com/tag/main.htm"
"213.124.60.191","[03/Jul/2018:16:31:21","POST /posts/blog/explore HTTP/1.1","200","953","http://www.mcdonald.com/"
"201.233.82.193","[03/Jul/2018:16:31:21","PUT /posts/main/search HTTP/1.1","400","120","http://www.riley-johnson.com/faq.htm"
"239.169.66.25","[03/Jul/2018:16:31:22","GET /blog/list/wp-content HTTP/1.1","400","464","http://maddox.com/tags/app/login.php"
"226.91.175.175","[03/Jul/2018:16:31:22","PUT /main HTTP/1.1","200","99","https://www.dominguez.com/index/"
"226.52.126.144","[03/Jul/2018:16:31:23","PUT /tags/posts/main HTTP/1.1","400","160","https://villarreal-butler.com/"
"213.89.103.169","[03/Jul/2018:16:31:24","PUT /blog/tags HTTP/1.1","200","650","http://cook-smith.com/homepage/"
"142.9.116.37","[03/Jul/2018:16:31:25","GET /posts/blog/blog HTTP/1.1","200","546","https://www.gonzales-miller.net/main/"
"124.31.38.67","[03/Jul/2018:16:31:26","GET /category/blog HTTP/1.1","400","416","https://www.graham.com/search/"
"206.163.89.222","[03/Jul/2018:16:31:26","PUT /explore/main HTTP/1.1","401","38","https://cohen-short.com/main/posts/tags/privacy.htm"
"244.149.23.65","[03/Jul/2018:16:31:27","POST /app/tag HTTP/1.1","200","756","http://www.brown-harris.com/"
"190.169.104.193","[03/Jul/2018:16:31:28","PUT /category/search HTTP/1.1","401","331","https://griffith-jones.org/blog/app/login/"
"254.68.174.121","[03/Jul/2018:16:31:28","GET /app HTTP/1.1","200","650","http://www.bennett.com/"
"123.67.233.132","[03/Jul/2018:16:31:29","GET /wp-content/tag/categories HTTP/1.1","400","846","https://www.underwood.com/main/"
"10.173.132.203","[03/Jul/2018:16:31:29","GET /tag/blog HTTP/1.1","400","751","http://cole.com/"
"80.180.240.222","[03/Jul/2018:16:31:30","POST /search HTTP/1.1","400","420","https://stout-thompson.com/tag/privacy.htm"
"170.92.23.219","[03/Jul/2018:16:31:31","PUT /category/tag HTTP/1.1","200","437","http://www.hughes.com/register.php"
"20.114.223.210","[03/Jul/2018:16:31:31","PUT /blog/search HTTP/1.1","400","897","https://murphy.org/category/category/categories/index/"
"168.202.134.19","[03/Jul/2018:16:31:32","POST /wp-content/blog HTTP/1.1","400","827","http://smith-boyle.com/main/homepage.htm"
"51.118.63.173","[03/Jul/2018:16:31:32","GET /posts HTTP/1.1","200","351","http://myers-myers.com/categories/terms.jsp"
"123.207.75.85","[03/Jul/2018:16:31:33","GET /blog HTTP/1.1","401","514","https://www.mays.com/home.html"
"75.82.230.87","[03/Jul/2018:16:31:33","GET /explore/app/app HTTP/1.1","200","964","https://www.carter.com/main/categories/category/register.html"
"37.73.11.193","[03/Jul/2018:16:31:34","GET /wp-content/list HTTP/1.1","401","182","https://www.duncan.org/"
"201.87.25.70","[03/Jul/2018:16:31:35","GET /tag/posts/search HTTP/1.1","200","722","https://www.powell.net/"
"181.83.210.77","[03/Jul/2018:16:31:35","GET /blog HTTP/1.1","401","180","http://black.info/main/posts/register.html"
"125.186.245.58","[03/Jul/2018:16:31:36","GET /main/tag HTTP/1.1","401","711","https://hammond.com/"
"218.79.8.84","[03/Jul/2018:16:31:37","PUT /search/main HTTP/1.1","200","96","https://olsen.com/author.jsp"
"95.131.80.71","[03/Jul/2018:16:31:37","POST /app/posts HTTP/1.1","400","760","http://www.harris-russell.org/terms/"
"47.97.188.18","[03/Jul/2018:16:31:38","POST /list/tag HTTP/1.1","401","518","https://www.webb.com/explore/author.htm"
"210.46.215.193","[03/Jul/2018:16:31:38","GET /categories HTTP/1.1","401","204","https://www.davila.com/"
"72.93.91.223","[03/Jul/2018:16:31:39","GET /categories HTTP/1.1","401","230","https://peterson.com/faq.jsp"
"132.163.130.23","[03/Jul/2018:16:31:40","PUT /tags HTTP/1.1","200","46","http://www.cook.info/privacy/"
"118.67.143.176","[03/Jul/2018:16:31:40","PUT /category/blog HTTP/1.1","200","865","https://mack.org/list/categories/blog/faq/"
"9.104.112.238","[03/Jul/2018:16:31:41","GET /blog/posts HTTP/1.1","400","267","https://levy.com/posts/tags/list/privacy/"
"240.222.10.176","[03/Jul/2018:16:31:42","GET /wp-content/app HTTP/1.1","400","346","https://www.jones.com/list/blog/privacy/"
"120.232.205.188","[03/Jul/2018:16:31:42","PUT /list HTTP/1.1","200","472","http://www.benson.biz/post/"
"22.250.177.56","[03/Jul/2018:16:31:43","PUT /tag HTTP/1.1","401","612","https://www.yates.com/main/"
"38.164.245.206","[03/Jul/2018:16:31:43","GET /posts/wp-content HTTP/1.1","401","314","http://tanner.com/list/author.asp"
"81.91.229.200","[03/Jul/2018:16:31:44","PUT /tags/category/main HTTP/1.1","401","241","http://www.williams.info/"
"179.177.185.138","[03/Jul/2018:16:31:45","POST /tag/categories HTTP/1.1","401","934","https://williams.org/category/"
"93.203.103.252","[03/Jul/2018:16:31:45","GET /list/tag HTTP/1.1","200","845","https://www.vasquez-zavala.com/"
"24.161.173.170","[03/Jul/2018:16:31:46","POST /search/list/app HTTP/1.1","401","747","https://www.garcia-contreras.com/tags/tag/index.html"
"38.198.117.116","[03/Jul/2018:16:31:46","PUT /blog HTTP/1.1","200","263","https://baldwin-mason.com/about/"
"15.52.20.41","[03/Jul/2018:16:31:47","PUT /list/app HTTP/1.1","400","426","https://www.knox-cooper.com/"
"247.79.177.35","[03/Jul/2018:16:31:47","GET /list/explore HTTP/1.1","200","407","https://www.hale-waters.biz/terms.html"
"201.31.233.185","[03/Jul/2018:16:31:48","GET /app/tag/search HTTP/1.1","400","221","https://hayes-lopez.info/blog/posts/category/"
"30.206.170.132","[03/Jul/2018:16:31:48","PUT /blog HTTP/1.1","200","269","https://www.jenkins-lopez.org/posts/home.html"
"136.42.92.166","[03/Jul/2018:16:31:49","GET /category/wp-content/main HTTP/1.1","200","751","http://www.galloway.com/about.html"
"254.93.251.186","[03/Jul/2018:16:31:49","PUT /blog/posts/blog HTTP/1.1","400","5","https://www.molina-martinez.com/categories/tag/search/author.html"
"127.7.145.20","[03/Jul/2018:16:31:50","POST /tag/list HTTP/1.1","400","209","https://www.clarke.net/app/tags/category/about.html"
"161.139.201.19","[03/Jul/2018:16:31:50","PUT /posts/search/categories HTTP/1.1","400","904","https://www.griffith.biz/app/about.htm"
"173.26.145.225","[03/Jul/2018:16:31:51","GET /main/app HTTP/1.1","200","701","http://wright.com/login.asp"
"11.232.163.219","[03/Jul/2018:16:31:52","POST /app HTTP/1.1","401","674","https://www.olson.org/about.html"
"112.79.248.179","[03/Jul/2018:16:31:52","PUT /category HTTP/1.1","401","223","http://www.martinez-sanders.com/login/"
"147.173.61.16","[03/Jul/2018:16:31:53","GET /list/wp-content HTTP/1.1","401","972","http://mills-adkins.com/category.htm"
"53.211.27.204","[03/Jul/2018:16:31:53","GET /category/explore HTTP/1.1","400","784","http://www.lee-wilson.net/search.html"
"170.81.239.71","[03/Jul/2018:16:31:54","GET /app/category/wp-content HTTP/1.1","400","94","http://www.calderon-chapman.org/register.php"
"85.24.132.121","[03/Jul/2018:16:31:55","POST /wp-content/explore/main HTTP/1.1","400","704","https://savage.com/"
"201.198.45.206","[03/Jul/2018:16:31:55","GET /list/category/categories HTTP/1.1","401","901","https://solomon.com/list/main/list/main.htm"
"25.190.59.248","[03/Jul/2018:16:31:56","PUT /explore HTTP/1.1","200","815","https://miller-robinson.biz/"
"6.110.69.33","[03/Jul/2018:16:31:56","POST /main/category HTTP/1.1","401","312","https://www.butler.net/terms.html"
"60.36.26.248","[03/Jul/2018:16:31:57","PUT /categories/search/posts HTTP/1.1","401","916","http://ortiz.biz/faq/"
"168.137.69.210","[03/Jul/2018:16:31:57","POST /search HTTP/1.1","401","258","https://farmer.biz/search.php"
"133.130.47.33","[03/Jul/2018:16:31:58","POST /posts/category HTTP/1.1","401","954","https://www.rogers.com/index/"
"198.33.18.211","[03/Jul/2018:16:31:59","PUT /tags/posts HTTP/1.1","200","811","https://conner.com/search/about.html"
"253.93.241.33","[03/Jul/2018:16:31:59","POST /tags HTTP/1.1","401","340","https://www.olson.com/category.html"
"210.103.120.152","[03/Jul/2018:16:32:00","GET /wp-content/main/list HTTP/1.1","400","195","https://gardner-calderon.com/main/main/main/category.php"
"79.246.231.218","[03/Jul/2018:16:32:00","GET /blog/main/app HTTP/1.1","400","456","https://mccullough-carter.com/main/"
"1.115.161.33","[03/Jul/2018:16:32:01","PUT /search/posts/blog HTTP/1.1","200","726","http://www.crawford-lowe.com/privacy.php"
"103.156.132.234","[03/Jul/2018:16:32:01","PUT /list/posts HTTP/1.1","200","811","http://quinn.com/"
"2.44.232.143","[03/Jul/2018:16:32:02","POST /wp-content HTTP/1.1","200","945","https://garcia-nguyen.com/posts/categories/app/privacy.asp"
"53.77.128.204","[03/Jul/2018:16:32:02","GET /search/tag HTTP/1.1","200","980","https://www.stewart.biz/category/main/wp-content/about.php"
"208.238.248.164","[03/Jul/2018:16:32:03","POST /search HTTP/1.1","200","984","http://www.roman.com/category.htm"
"71.222.204.217","[03/Jul/2018:16:32:04","POST /category HTTP/1.1","401","191","http://www.young.com/faq/"
"1.5.94.116","[03/Jul/2018:16:32:04","GET /category HTTP/1.1","400","308","https://kennedy.net/terms/"
"6.114.87.227","[03/Jul/2018:16:32:05","POST /explore HTTP/1.1","200","189","http://gibson.com/faq.php"
"130.1.123.25","[03/Jul/2018:16:32:05","POST /tags/explore HTTP/1.1","401","747","https://www.bernard.com/register/"
"87.191.183.194","[03/Jul/2018:16:32:06","PUT /categories/posts HTTP/1.1","200","493","https://weber.org/faq/"
"76.253.172.231","[03/Jul/2018:16:32:06","GET /app/explore HTTP/1.1","200","752","http://www.williams-patrick.com/faq/"
"138.45.12.199","[03/Jul/2018:16:32:07","POST /wp-content HTTP/1.1","400","295","https://haas.biz/app/main/wp-content/homepage.jsp"
"121.185.186.188","[03/Jul/2018:16:32:08","PUT /blog/search HTTP/1.1","400","956","https://www.allen-jones.com/about/"
"38.125.178.230","[03/Jul/2018:16:32:08","POST /blog HTTP/1.1","401","895","https://www.russell-may.com/"
"106.17.81.242","[03/Jul/2018:16:32:09","POST /list/categories HTTP/1.1","200","783","http://www.graham.com/posts/list/categories/home/"
"125.37.85.36","[03/Jul/2018:16:32:09","POST /tag/main/search HTTP/1.1","200","364","http://holland.com/category/blog/search/"
"152.22.196.196","[03/Jul/2018:16:32:10","GET /app HTTP/1.1","400","117","http://hutchinson.net/home/"
"50.180.16.184","[03/Jul/2018:16:32:11","PUT /tags HTTP/1.1","400","520","https://jackson.biz/blog/register/"
"159.255.101.46","[03/Jul/2018:16:32:12","GET /posts/tags HTTP/1.1","401","795","http://www.martinez.com/faq/"
"26.145.26.255","[03/Jul/2018:16:32:12","POST /list HTTP/1.1","200","516","https://hays-lopez.com/terms.html"
"44.128.217.233","[03/Jul/2018:16:32:13","GET /search HTTP/1.1","400","321","https://www.moreno.info/blog/blog/category/category/"
"214.97.11.177","[03/Jul/2018:16:32:14","POST /blog/tags HTTP/1.1","200","895","https://www.tanner.biz/"
"60.188.99.79","[03/Jul/2018:16:32:14","PUT /list/search/wp-content HTTP/1.1","400","470","http://baird-potts.net/"
"152.40.165.27","[03/Jul/2018:16:32:15","PUT /tags HTTP/1.1","200","783","http://white-davis.net/post.php"
"172.33.126.108","[03/Jul/2018:16:32:15","GET /wp-content/tag/blog HTTP/1.1","401","692","http://www.miller.com/wp-content/wp-content/home/"
"253.72.24.254","[03/Jul/2018:16:32:16","GET /app HTTP/1.1","400","385","https://stokes-cruz.com/"
"36.79.181.162","[03/Jul/2018:16:32:16","GET /tags/blog HTTP/1.1","401","915","https://richards-turner.biz/tag/tags/search/home.jsp"
"208.113.238.138","[03/Jul/2018:16:32:17","PUT /app HTTP/1.1","401","945","http://www.rollins.com/main/index.asp"
"206.238.200.152","[03/Jul/2018:16:32:18","GET /main/posts/main HTTP/1.1","401","700","https://watson.com/categories/main/tags/search/"
"228.217.149.251","[03/Jul/2018:16:32:18","GET /wp-content HTTP/1.1","401","739","http://harris.info/privacy.php"
"41.65.2.208","[03/Jul/2018:16:32:19","GET /explore/categories/posts HTTP/1.1","200","137","http://www.boyle.org/category.jsp"
"42.28.173.196","[03/Jul/2018:16:32:19","PUT /search HTTP/1.1","400","60","https://www.foster.com/main.htm"
"24.114.142.99","[03/Jul/2018:16:32:20","PUT /posts/list HTTP/1.1","200","272","http://edwards-phillips.org/"
"202.140.62.53","[03/Jul/2018:16:32:20","GET /main HTTP/1.1","401","205","https://www.barry.com/tags/author/"
"77.165.6.216","[03/Jul/2018:16:32:21","GET /explore/list/category HTTP/1.1","400","362","https://www.bowen.com/tag/posts/about/"
"199.194.166.116","[03/Jul/2018:16:32:21","POST /main/categories/list HTTP/1.1","400","471","https://www.hayes.net/"
"9.191.109.24","[03/Jul/2018:16:32:22","PUT /blog HTTP/1.1","200","944","http://watson.com/"
"81.179.78.181","[03/Jul/2018:16:32:22","POST /search HTTP/1.1","400","698","https://www.harper.com/author/"
"163.106.104.168","[03/Jul/2018:16:32:23","POST /category/main HTTP/1.1","200","813","https://www.ramirez-harper.org/"
"141.12.104.190","[03/Jul/2018:16:32:23","GET /category/tag/search HTTP/1.1","401","16","https://dixon.net/index.htm"
"202.49.151.110","[03/Jul/2018:16:32:24","POST /main/posts HTTP/1.1","200","153","http://dunlap.biz/faq.php"
"87.59.101.185","[03/Jul/2018:16:32:25","POST /tags HTTP/1.1","401","911","http://rogers.biz/tag/search/category/category.php"
"122.91.110.199","[03/Jul/2018:16:32:25","POST /tag HTTP/1.1","400","838","https://manning.com/"
"16.126.142.157","[03/Jul/2018:16:32:26","POST /main HTTP/1.1","401","509","http://www.briggs.com/posts/main/search/"
"206.251.47.73","[03/Jul/2018:16:32:27","POST /main/category HTTP/1.1","401","174","https://www.peterson.com/login.asp"
"84.35.61.156","[03/Jul/2018:16:32:27","PUT /posts/posts/category HTTP/1.1","200","983","https://maxwell-cooper.com/"
"103.122.198.86","[03/Jul/2018:16:32:28","POST /categories/explore/tag HTTP/1.1","401","984","https://www.moore.com/main/tag/tag/homepage.jsp"
"141.207.123.70","[03/Jul/2018:16:32:28","GET /app/main/posts HTTP/1.1","200","848","http://www.reynolds-gregory.com/"
"41.133.245.4","[03/Jul/2018:16:32:29","POST /posts/app/app HTTP/1.1","400","299","https://walls-martin.com/main.jsp"
"166.223.237.178","[03/Jul/2018:16:32:30","POST /app HTTP/1.1","400","279","http://www.long-bryant.biz/login.asp"
"245.181.149.86","[03/Jul/2018:16:32:30","GET /explore/explore/main HTTP/1.1","400","903","http://www.wagner.com/"
"136.5.84.21","[03/Jul/2018:16:32:31","GET /search/tags HTTP/1.1","400","651","https://www.brown.biz/terms.asp"
"23.93.171.64","[03/Jul/2018:16:32:31","POST /explore HTTP/1.1","200","663","http://www.anderson.com/register/"
"135.42.78.158","[03/Jul/2018:16:32:32","GET /explore/app HTTP/1.1","401","167","https://hickman.info/"
"180.202.74.140","[03/Jul/2018:16:32:32","GET /tags/tag/categories HTTP/1.1","400","397","http://west.com/"
"55.218.83.58","[03/Jul/2018:16:32:33","PUT /explore/category/explore HTTP/1.1","400","680","http://www.smith.com/home/"
"94.210.245.48","[03/Jul/2018:16:32:33","GET /categories/tags/main HTTP/1.1","401","800","http://wise-erickson.net/"
"224.107.220.18","[03/Jul/2018:16:32:34","POST /posts/tag HTTP/1.1","200","531","https://lee.com/category.html"
"226.235.203.189","[03/Jul/2018:16:32:35","GET /search/blog/explore HTTP/1.1","400","376","http://huynh.com/about.htm"
"59.218.25.2","[03/Jul/2018:16:32:35","PUT /tag HTTP/1.1","401","13","https://www.stevens-watts.org/"
"5.234.90.243","[03/Jul/2018:16:32:36","POST /search/main HTTP/1.1","200","713","https://washington.com/faq.jsp"
"104.207.33.106","[03/Jul/2018:16:32:36","GET /app/category/blog HTTP/1.1","400","638","https://www.williams-king.com/homepage/"
"28.132.154.88","[03/Jul/2018:16:32:37","PUT /list/explore/tag HTTP/1.1","401","977","http://simmons.info/tags/main.jsp"
"177.18.187.155","[03/Jul/2018:16:32:38","POST /search/explore/posts HTTP/1.1","401","519","https://www.carson.com/wp-content/wp-content/app/main.html"
"209.77.173.103","[03/Jul/2018:16:32:38","PUT /tag HTTP/1.1","200","772","http://www.jackson.com/"
"213.138.213.234","[03/Jul/2018:16:32:39","GET /wp-content/posts HTTP/1.1","400","274","http://benitez-hernandez.com/main.php"
"248.225.240.192","[03/Jul/2018:16:32:39","PUT /explore/wp-content HTTP/1.1","200","387","http://www.greene.com/categories/homepage/"
"232.136.124.86","[03/Jul/2018:16:32:40","POST /blog HTTP/1.1","400","64","http://www.jones.com/faq/"
"197.174.173.90","[03/Jul/2018:16:32:41","POST /tag/list/tags HTTP/1.1","401","566","https://www.pittman.net/tag/main/search/category/"
"107.167.7.125","[03/Jul/2018:16:32:41","PUT /main/category HTTP/1.1","401","310","https://perkins-willis.com/privacy.php"
"221.126.72.134","[03/Jul/2018:16:32:42","GET /list/posts HTTP/1.1","401","999","https://www.garcia.com/index.html"
"61.253.180.28","[03/Jul/2018:16:32:42","GET /tags/category/main HTTP/1.1","200","517","https://porter.com/category/"
"234.125.22.199","[03/Jul/2018:16:32:43","GET /blog/main HTTP/1.1","401","220","http://murillo.com/register.html"
"158.58.238.65","[03/Jul/2018:16:32:44","GET /categories HTTP/1.1","400","60","http://sweeney.com/list/blog/category.php"
"47.0.15.109","[03/Jul/2018:16:32:44","POST /wp-content/list HTTP/1.1","401","956","https://www.harris.net/main.php"
"178.203.220.31","[03/Jul/2018:16:32:45","PUT /categories/tags/tag HTTP/1.1","400","627","http://wilson.net/search.html"
"28.179.22.177","[03/Jul/2018:16:32:45","GET /posts HTTP/1.1","200","378","https://sloan.org/"
"207.206.26.141","[03/Jul/2018:16:32:46","GET /app HTTP/1.1","401","165","https://www.medina-smith.com/main/author/"
"57.154.119.252","[03/Jul/2018:16:32:47","PUT /explore HTTP/1.1","200","40","https://fisher-hansen.org/index.php"
"121.102.238.28","[03/Jul/2018:16:32:47","POST /explore/search/explore HTTP/1.1","200","98","http://morris.net/post.htm"
"209.155.14.30","[03/Jul/2018:16:32:48","POST /app HTTP/1.1","401","221","https://mendoza.com/"
"164.163.59.41","[03/Jul/2018:16:32:48","PUT /categories/app HTTP/1.1","400","781","https://alvarez.info/"
"160.217.136.64","[03/Jul/2018:16:32:49","GET /wp-content HTTP/1.1","400","485","http://www.thompson.com/"
"41.61.14.102","[03/Jul/2018:16:32:49","PUT /blog/wp-content HTTP/1.1","400","235","https://dominguez.com/"
"210.150.73.148","[03/Jul/2018:16:32:50","GET /categories/posts HTTP/1.1","200","347","https://www.velez.com/"
"59.44.16.226","[03/Jul/2018:16:32:50","GET /posts/blog/tag HTTP/1.1","401","302","https://www.johnson.com/"
"66.99.96.185","[03/Jul/2018:16:32:51","GET /list/category/app HTTP/1.1","401","286","https://martinez.com/"
"167.80.22.173","[03/Jul/2018:16:32:51","PUT /blog/category HTTP/1.1","400","789","http://www.sloan-good.info/posts/list/categories/category/"
"110.53.35.79","[03/Jul/2018:16:32:52","GET /explore/wp-content/list HTTP/1.1","200","57","http://horton.com/about.asp"
"181.11.191.9","[03/Jul/2018:16:32:53","PUT /list/wp-content/tag HTTP/1.1","200","176","https://www.garcia.com/"
"8.27.16.214","[03/Jul/2018:16:32:53","GET /search/search/categories HTTP/1.1","400","455","https://parker.info/posts/main/explore/register/"
"86.211.215.52","[03/Jul/2018:16:32:54","GET /search/posts HTTP/1.1","400","559","http://rosales-clarke.com/login/"
"206.94.24.44","[03/Jul/2018:16:32:54","GET /categories/posts/blog HTTP/1.1","400","995","http://www.ortega.com/index/"
"188.204.156.4","[03/Jul/2018:16:32:55","GET /category/blog/search HTTP/1.1","200","533","http://smith.com/blog/blog/login/"
"161.251.25.127","[03/Jul/2018:16:32:55","GET /tag/tag/categories HTTP/1.1","401","135","https://www.huang-johnson.com/home.asp"
"186.76.64.58","[03/Jul/2018:16:32:56","POST /tags/main HTTP/1.1","401","374","http://santiago.com/blog/posts/category/privacy.html"
"163.84.9.247","[03/Jul/2018:16:32:56","GET /blog/search HTTP/1.1","200","680","http://www.george.com/register/"
"13.119.170.170","[03/Jul/2018:16:32:57","PUT /wp-content/tags/search HTTP/1.1","400","666","http://rivera.com/index.asp"
"16.151.253.185","[03/Jul/2018:16:32:58","PUT /category/category/list HTTP/1.1","200","541","https://bowers.com/category/main/"
"217.75.171.205","[03/Jul/2018:16:32:58","POST /tags HTTP/1.1","401","485","http://curtis-pearson.com/search/"
"189.213.171.87","[03/Jul/2018:16:32:59","POST /wp-content HTTP/1.1","200","616","http://www.bailey-wilcox.com/blog/terms.html"
"36.199.22.56","[03/Jul/2018:16:32:59","POST /category HTTP/1.1","200","34","http://www.morris.com/homepage/"
"211.145.81.149","[03/Jul/2018:16:33:00","POST /category/wp-content/tag HTTP/1.1","401","993","http://www.nolan-ward.org/"
"53.19.37.220","[03/Jul/2018:16:33:01","GET /main/blog HTTP/1.1","200","612","https://www.cole-garrett.info/tags/homepage.html"
"90.46.166.18","[03/Jul/2018:16:33:01","PUT /wp-content/tag/posts HTTP/1.1","400","283","http://rodriguez.com/"
"212.170.118.7","[03/Jul/2018:16:33:02","PUT /categories HTTP/1.1","200","590","https://www.martinez.net/posts/list/homepage/"
"91.182.6.183","[03/Jul/2018:16:33:02","PUT /explore/wp-content HTTP/1.1","400","327","https://salazar-sanchez.com/login.htm"
"252.59.223.213","[03/Jul/2018:16:33:03","PUT /main/wp-content HTTP/1.1","400","849","http://reynolds-newman.com/about/"
"1.145.107.28","[03/Jul/2018:16:33:03","GET /posts/tag HTTP/1.1","401","522","https://www.dodson.com/"
"162.84.23.121","[03/Jul/2018:16:33:04","PUT /main HTTP/1.1","401","619","https://jackson.biz/categories/app/about/"
"59.255.111.55","[03/Jul/2018:16:33:05","PUT /main/list HTTP/1.1","400","68","http://www.mclean.net/main/blog/author/"
"30.193.100.220","[03/Jul/2018:16:33:05","GET /list/main/category HTTP/1.1","401","245","http://gomez-jones.biz/blog/main/"
"100.64.103.158","[03/Jul/2018:16:33:06","GET /blog/categories HTTP/1.1","400","124","http://tucker.com/search/tag/search/"
"109.127.250.142","[03/Jul/2018:16:33:06","PUT /main/posts/blog HTTP/1.1","400","165","http://www.williams.com/category.html"
"22.251.191.41","[03/Jul/2018:16:33:07","GET /categories/explore/list HTTP/1.1","401","855","https://www.kelly.com/search/post.html"
"40.131.39.33","[03/Jul/2018:16:33:07","PUT /tags/explore/main HTTP/1.1","401","756","http://walker.org/about/"
"86.148.22.224","[03/Jul/2018:16:33:08","GET /wp-content/category HTTP/1.1","200","604","http://www.marsh.biz/"
"123.91.213.235","[03/Jul/2018:16:33:08","PUT /blog HTTP/1.1","400","856","https://johnson-cochran.com/about/"
"234.45.96.177","[03/Jul/2018:16:33:09","GET /tags/tag/search HTTP/1.1","200","226","https://www.bailey.com/tag/wp-content/tags/home/"
"141.247.211.207","[03/Jul/2018:16:33:09","GET /search HTTP/1.1","401","713","https://www.marshall.com/index.html"
"209.32.0.6","[03/Jul/2018:16:33:10","PUT /tags/explore/tags HTTP/1.1","400","951","https://www.hawkins-fernandez.org/app/app/explore/login/"
"82.174.209.194","[03/Jul/2018:16:33:10","GET /wp-content HTTP/1.1","200","18","https://christensen.biz/index/"
"189.115.229.81","[03/Jul/2018:16:33:11","GET /main/explore/wp-content HTTP/1.1","200","726","http://mann.com/"
"217.181.85.218","[03/Jul/2018:16:33:12","GET /list/main HTTP/1.1","400","314","https://morgan-white.com/"
"6.11.74.137","[03/Jul/2018:16:33:12","PUT /categories HTTP/1.1","400","162","https://miller.com/app/search/post/"
"45.196.29.97","[03/Jul/2018:16:33:13","POST /tag/list HTTP/1.1","200","413","https://torres-hansen.net/search/categories/explore/home.html"
"103.108.117.60","[03/Jul/2018:16:33:14","POST /category/main/tag HTTP/1.1","401","636","http://www.moore.info/blog/tags/register.php"
"202.91.1.170","[03/Jul/2018:16:33:14","POST /posts HTTP/1.1","200","29","https://mcintosh.net/posts/blog/tags/about.htm"
"88.44.111.189","[03/Jul/2018:16:33:15","PUT /app/blog/explore HTTP/1.1","401","308","http://moody.com/main/"
"224.138.241.63","[03/Jul/2018:16:33:15","POST /main/list/category HTTP/1.1","200","608","http://www.palmer.com/posts/blog/categories/faq.htm"
"75.62.61.138","[03/Jul/2018:16:33:16","PUT /wp-content/list/list HTTP/1.1","401","767","http://powell-hale.com/search/category.jsp"
"220.142.96.180","[03/Jul/2018:16:33:17","GET /blog HTTP/1.1","401","427","http://www.brooks.com/search/posts/main/terms.jsp"
"246.63.2.179","[03/Jul/2018:16:33:17","GET /categories HTTP/1.1","200","932","http://smith.com/"
"96.154.118.214","[03/Jul/2018:16:33:18","POST /explore HTTP/1.1","200","337","http://www.young-hicks.biz/terms.php"
"224.216.163.81","[03/Jul/2018:16:33:18","PUT /explore/tag/categories HTTP/1.1","200","22","http://www.brown.info/search/"
"78.50.16.226","[03/Jul/2018:16:33:19","POST /wp-content HTTP/1.1","400","526","http://www.king-klein.biz/categories/categories/explore/category/"
"72.59.166.149","[03/Jul/2018:16:33:19","GET /main/main/blog HTTP/1.1","401","997","http://www.henderson-bell.com/categories/main/"
"91.186.37.131","[03/Jul/2018:16:33:20","PUT /blog HTTP/1.1","200","341","http://www.morris.com/list/category/"
"207.52.59.78","[03/Jul/2018:16:33:20","POST /list HTTP/1.1","400","661","https://duncan-hamilton.net/search.php"
"164.164.108.4","[03/Jul/2018:16:33:21","PUT /category HTTP/1.1","400","998","http://www.beck.biz/terms.jsp"
"132.236.102.27","[03/Jul/2018:16:33:22","GET /app/tags/category HTTP/1.1","200","268","https://www.white-garcia.info/post.htm"
"179.184.39.253","[03/Jul/2018:16:33:22","POST /explore/categories/category HTTP/1.1","400","953","https://www.olson.org/login.php"
"223.16.202.104","[03/Jul/2018:16:33:23","POST /categories HTTP/1.1","400","153","https://fitzgerald-henry.net/search/category/login/"
"121.92.81.231","[03/Jul/2018:16:33:23","POST /app/app HTTP/1.1","200","753","https://gordon-lewis.com/index/"
"133.49.220.135","[03/Jul/2018:16:33:24","PUT /wp-content HTTP/1.1","400","170","http://richards.com/terms.php"
"178.155.116.49","[03/Jul/2018:16:33:24","GET /app/wp-content/tag HTTP/1.1","200","965","http://allen-boyd.info/category/"
"170.133.3.191","[03/Jul/2018:16:33:25","GET /search/categories/wp-content HTTP/1.1","200","516","https://www.austin-willis.net/privacy.jsp"
"241.174.53.40","[03/Jul/2018:16:33:25","GET /explore/tag HTTP/1.1","400","346","http://www.pena.biz/search/categories/author/"
"155.169.25.137","[03/Jul/2018:16:33:26","POST /explore/app HTTP/1.1","200","911","https://www.graves-johnson.com/tag/explore/homepage/"
"29.26.226.236","[03/Jul/2018:16:33:26","GET /tag/list HTTP/1.1","401","375","https://mcdonald.com/tags/app/post/"
"125.195.81.202","[03/Jul/2018:16:33:27","PUT /blog HTTP/1.1","401","756","https://www.petersen-frazier.org/"
"105.67.235.28","[03/Jul/2018:16:33:27","POST /list HTTP/1.1","400","105","https://hall.info/privacy/"
"135.25.246.3","[03/Jul/2018:16:33:28","PUT /tags/tags HTTP/1.1","401","73","https://www.brennan.net/categories/blog/terms.html"
"97.131.99.239","[03/Jul/2018:16:33:29","POST /tags HTTP/1.1","401","648","http://kennedy-watts.com/"
"253.72.221.19","[03/Jul/2018:16:33:29","GET /main/main HTTP/1.1","401","143","https://acosta-brown.biz/categories/author.php"
"67.105.234.119","[03/Jul/2018:16:33:30","PUT /category HTTP/1.1","400","31","http://www.mullen-ponce.net/"
"222.166.148.159","[03/Jul/2018:16:33:30","POST /categories/tag/blog HTTP/1.1","200","676","https://mcconnell-costa.com/faq.html"
"233.157.27.64","[03/Jul/2018:16:33:31","PUT /posts/explore HTTP/1.1","200","181","https://ryan-gomez.com/tags/register/"
"69.36.149.152","[03/Jul/2018:16:33:32","POST /search HTTP/1.1","401","654","http://www.young-austin.org/main.asp"
"153.61.167.184","[03/Jul/2018:16:33:32","PUT /categories HTTP/1.1","400","653","http://www.lucas.com/homepage.html"
"173.131.222.38","[03/Jul/2018:16:33:33","POST /main/categories HTTP/1.1","401","466","https://www.jones-sandoval.com/homepage/"
"78.197.55.105","[03/Jul/2018:16:33:33","PUT /tags HTTP/1.1","200","995","http://hall.info/main.htm"
"187.83.207.30","[03/Jul/2018:16:33:34","POST /category HTTP/1.1","400","143","http://price.com/list/category/posts/faq/"
"250.134.88.208","[03/Jul/2018:16:33:35","POST /tag/main/tag HTTP/1.1","200","607","http://www.hartman.com/explore/register.html"
"123.227.154.18","[03/Jul/2018:16:33:35","POST /category/wp-content/app HTTP/1.1","400","986","https://garner.com/category.html"
"230.157.40.114","[03/Jul/2018:16:33:36","GET /wp-content/posts HTTP/1.1","400","329","https://www.robles-johnson.com/blog/tags/main.html"
"7.10.36.121","[03/Jul/2018:16:33:36","GET /main HTTP/1.1","200","313","http://carlson-bradley.org/wp-content/main.php"
"76.113.55.227","[03/Jul/2018:16:33:37","PUT /explore/blog HTTP/1.1","400","53","https://glass-skinner.org/home/"
"193.246.250.39","[03/Jul/2018:16:33:37","GET /posts HTTP/1.1","401","101","https://kemp.com/app/categories/main/about/"
"199.227.254.202","[03/Jul/2018:16:33:38","PUT /main/list/posts HTTP/1.1","200","820","http://www.walker-ponce.info/terms.htm"
"182.216.144.186","[03/Jul/2018:16:33:38","POST /search HTTP/1.1","200","739","http://www.hunt.com/"
"66.96.62.104","[03/Jul/2018:16:33:39","GET /main HTTP/1.1","400","866","http://www.anderson.com/categories/wp-content/home/"
"116.130.171.217","[03/Jul/2018:16:33:39","PUT /tag/tag/categories HTTP/1.1","400","598","http://clements.com/wp-content/post/"
"211.239.204.251","[03/Jul/2018:16:33:40","GET /categories HTTP/1.1","200","138","https://www.moreno.org/privacy.asp"
"14.78.146.73","[03/Jul/2018:16:33:40","PUT /tags/tags/tag HTTP/1.1","401","833","http://wagner.com/"
"104.118.174.21","[03/Jul/2018:16:33:41","GET /blog/explore HTTP/1.1","400","76","https://www.nelson.com/wp-content/wp-content/terms/"
"7.158.227.245","[03/Jul/2018:16:33:42","GET /search/wp-content/tag HTTP/1.1","400","890","https://brown.com/app/app/category/"
"104.97.20.20","[03/Jul/2018:16:33:42","PUT /search/app HTTP/1.1","200","411","http://pierce.com/"
"119.47.149.220","[03/Jul/2018:16:33:43","POST /wp-content HTTP/1.1","200","249","https://www.jacobs.net/tags/categories/index/"
"155.123.235.108","[03/Jul/2018:16:33:43","GET /wp-content/app HTTP/1.1","400","627","http://www.fernandez.com/main/tag/tag/category/"
"93.220.172.97","[03/Jul/2018:16:33:44","POST /app/app HTTP/1.1","200","687","http://www.norton.com/register.asp"
"156.21.211.0","[03/Jul/2018:16:33:45","PUT /search/wp-content HTTP/1.1","401","733","https://short.org/tag/faq/"
"97.141.213.75","[03/Jul/2018:16:33:45","PUT /search/list HTTP/1.1","200","981","http://www.patterson.org/tag/search/category/author/"
"192.0.85.156","[03/Jul/2018:16:33:46","GET /main HTTP/1.1","200","257","http://www.hatfield-reed.com/homepage/"
"132.118.179.161","[03/Jul/2018:16:33:46","PUT /wp-content/blog/search HTTP/1.1","200","93","https://foster-alexander.com/privacy/"
"48.76.27.0","[03/Jul/2018:16:33:47","PUT /categories HTTP/1.1","200","881","https://pollard.org/"
"1.125.99.37","[03/Jul/2018:16:33:47","PUT /blog HTTP/1.1","200","830","http://webb-taylor.com/author/"
"222.100.47.138","[03/Jul/2018:16:33:48","POST /wp-content/categories HTTP/1.1","401","415","http://boyd.net/list/main/search.php"
"177.8.12.221","[03/Jul/2018:16:33:49","PUT /wp-content HTTP/1.1","401","239","https://powers.com/"
"138.240.21.117","[03/Jul/2018:16:33:49","GET /blog HTTP/1.1","401","560","https://waller.com/tag/list/faq/"
"214.99.1.85","[03/Jul/2018:16:33:50","GET /tag/posts HTTP/1.1","401","680","http://todd-hancock.info/faq.htm"
"104.36.104.30","[03/Jul/2018:16:33:50","GET /tag/list/categories HTTP/1.1","200","751","http://www.higgins-rogers.com/"
"148.132.25.66","[03/Jul/2018:16:33:51","GET /category/posts/explore HTTP/1.1","400","611","http://perry.com/post/"
"7.225.74.161","[03/Jul/2018:16:33:52","PUT /list/category/tags HTTP/1.1","200","204","http://banks.info/search/posts/index.html"
"87.126.162.60","[03/Jul/2018:16:33:52","GET /main/categories HTTP/1.1","401","456","https://shaffer-klein.org/"
"246.241.47.132","[03/Jul/2018:16:33:53","POST /wp-content/list HTTP/1.1","401","955","http://hernandez.info/"
"9.79.254.225","[03/Jul/2018:16:33:53","GET /category/list/categories HTTP/1.1","401","762","http://robinson.net/faq.html"
"111.222.208.193","[03/Jul/2018:16:33:54","PUT /blog HTTP/1.1","401","545","https://lewis-vazquez.com/app/author.asp"
"47.161.226.48","[03/Jul/2018:16:33:54","PUT /tags HTTP/1.1","200","594","https://www.maldonado.biz/category.jsp"
"155.152.233.66","[03/Jul/2018:16:33:55","GET /main/category HTTP/1.1","401","284","http://www.silva.net/wp-content/privacy/"
"255.128.97.174","[03/Jul/2018:16:33:55","GET /search/categories/wp-content HTTP/1.1","200","796","http://www.roberts.com/"
"124.160.225.118","[03/Jul/2018:16:33:56","POST /wp-content HTTP/1.1","200","660","http://www.goodwin-tran.com/author.html"
"199.152.248.99","[03/Jul/2018:16:33:56","POST /tag/tags HTTP/1.1","401","442","http://yates.com/categories/main/register.html"
"226.130.220.46","[03/Jul/2018:16:33:57","POST /search/list/blog HTTP/1.1","400","606","https://tate-bryant.com/"
"36.116.32.182","[03/Jul/2018:16:33:57","POST /wp-content HTTP/1.1","200","795","http://hudson.com/"
"230.138.186.80","[03/Jul/2018:16:33:58","POST /main/blog HTTP/1.1","200","422","http://salazar.biz/faq.jsp"
"175.63.105.173","[03/Jul/2018:16:33:58","POST /blog HTTP/1.1","401","749","http://campos.com/privacy.asp"
"179.158.159.18","[03/Jul/2018:16:33:59","POST /category HTTP/1.1","401","26","https://thomas.com/"
"248.7.251.7","[03/Jul/2018:16:34:00","GET /search/posts HTTP/1.1","200","65","https://johnson.com/"
"22.238.19.105","[03/Jul/2018:16:34:00","POST /main/main HTTP/1.1","200","535","http://morales.net/"
"35.49.129.195","[03/Jul/2018:16:34:01","PUT /category/tags/wp-content HTTP/1.1","401","257","https://white.com/"
"20.29.58.162","[03/Jul/2018:16:34:01","PUT /list/explore/explore HTTP/1.1","400","737","https://sweeney.com/faq/"
"229.107.237.165","[03/Jul/2018:16:34:02","POST /categories/posts HTTP/1.1","400","741","http://allen.org/list/blog/login/"
"238.69.146.67","[03/Jul/2018:16:34:03","PUT /list/posts HTTP/1.1","200","356","http://daugherty.com/posts/tags/wp-content/login.php"
"51.116.81.16","[03/Jul/2018:16:34:03","GET /search/categories/search HTTP/1.1","401","175","https://jenkins.biz/"
"220.242.107.181","[03/Jul/2018:16:34:04","POST /list/main HTTP/1.1","401","42","http://adams.com/list/register/"
"115.157.26.47","[03/Jul/2018:16:34:04","POST /explore/app/explore HTTP/1.1","400","645","https://www.richardson.com/main/search/privacy.php"
"179.88.90.239","[03/Jul/2018:16:34:05","POST /posts/categories/main HTTP/1.1","400","972","http://www.stanley.org/main/"
"192.131.184.131","[03/Jul/2018:16:34:06","PUT /category/explore/app HTTP/1.1","400","199","https://bell-ward.info/login.htm"
"81.184.235.182","[03/Jul/2018:16:34:06","GET /tags HTTP/1.1","400","884","http://dudley.com/"
"21.244.195.161","[03/Jul/2018:16:34:07","GET /main/main/tag HTTP/1.1","401","953","http://cortez.net/"
"35.126.204.221","[03/Jul/2018:16:34:07","PUT /blog/app/list HTTP/1.1","401","429","http://www.bryant-kline.org/posts/category.jsp"
"71.98.70.56","[03/Jul/2018:16:34:08","GET /app HTTP/1.1","400","747","http://lowe.com/"
"48.32.101.81","[03/Jul/2018:16:34:08","POST /list HTTP/1.1","200","114","http://www.cline.com/categories/main/"
"10.10.43.185","[03/Jul/2018:16:34:09","POST /category/blog HTTP/1.1","400","57","http://www.lopez.com/categories/privacy/"
"38.124.10.43","[03/Jul/2018:16:34:09","POST /main/app HTTP/1.1","400","133","https://www.jenkins-stewart.com/home.php"
"221.182.205.116","[03/Jul/2018:16:34:10","POST /tag/tag/category HTTP/1.1","200","149","https://thompson.com/category.asp"
"252.143.210.118","[03/Jul/2018:16:34:11","PUT /wp-content/list HTTP/1.1","400","795","http://www.jackson-cox.com/index/"
"35.36.83.45","[03/Jul/2018:16:34:11","POST /blog/tag HTTP/1.1","401","135","http://armstrong.com/post.htm"
"91.32.153.53","[03/Jul/2018:16:34:12","GET /main HTTP/1.1","401","214","https://duncan-smith.com/category/tags/blog/home.jsp"
"155.23.59.215","[03/Jul/2018:16:34:12","POST /categories HTTP/1.1","200","417","http://www.mathis.com/posts/category.htm"
"58.225.107.66","[03/Jul/2018:16:34:13","GET /category/explore HTTP/1.1","400","168","https://www.collins.com/tags/blog/homepage.asp"
"21.180.192.234","[03/Jul/2018:16:34:13","GET /category HTTP/1.1","401","882","http://shannon.com/tags/category/wp-content/main.html"
"99.188.43.106","[03/Jul/2018:16:34:14","GET /explore HTTP/1.1","200","38","https://www.montgomery.com/blog/categories/posts/faq/"
"169.6.96.169","[03/Jul/2018:16:34:14","PUT /search HTTP/1.1","401","730","https://www.goodwin-navarro.net/posts/author/"
"177.101.247.126","[03/Jul/2018:16:34:15","POST /tag/explore/posts HTTP/1.1","200","78","https://www.baker.com/terms/"
"244.107.134.255","[03/Jul/2018:16:34:16","PUT /posts HTTP/1.1","401","869","https://rowe.info/terms/"
"138.129.30.242","[03/Jul/2018:16:34:16","PUT /tags/tag HTTP/1.1","401","500","https://morgan.com/faq/"
"122.68.169.141","[03/Jul/2018:16:34:17","POST /main/posts HTTP/1.1","400","116","http://www.lane-patton.com/posts/wp-content/privacy/"
"153.134.67.56","[03/Jul/2018:16:34:17","PUT /tags/tags HTTP/1.1","401","205","https://wu-lee.info/main/categories/privacy/"
"157.127.150.70","[03/Jul/2018:16:34:18","PUT /main/main HTTP/1.1","401","618","http://molina.net/index.php"
"162.66.69.219","[03/Jul/2018:16:34:18","GET /search/posts/blog HTTP/1.1","400","978","https://www.white.biz/faq.html"
"252.9.162.229","[03/Jul/2018:16:34:19","GET /categories/search/main HTTP/1.1","401","444","https://lee.com/terms.jsp"
"51.182.121.168","[03/Jul/2018:16:34:20","PUT /category/main/wp-content HTTP/1.1","200","14","https://elliott.biz/category/privacy.html"
"222.219.166.232","[03/Jul/2018:16:34:20","GET /blog/main HTTP/1.1","200","107","https://www.ibarra-branch.net/"
"248.163.54.221","[03/Jul/2018:16:34:21","POST /list/tags/categories HTTP/1.1","400","143","http://wells.com/"
"222.100.145.118","[03/Jul/2018:16:34:21","POST /posts/app/tag HTTP/1.1","401","34","http://www.stokes-jones.com/"
"111.53.2.174","[03/Jul/2018:16:34:22","POST /blog/category/main HTTP/1.1","200","90","https://www.ferguson-johnson.biz/privacy.jsp"
"141.169.253.239","[03/Jul/2018:16:34:23","GET /search/blog/app HTTP/1.1","401","140","https://www.jacobson-howard.org/index/"
"217.169.207.73","[03/Jul/2018:16:34:23","GET /posts/tag HTTP/1.1","400","611","https://mcintyre.com/terms.asp"
"74.80.177.183","[03/Jul/2018:16:34:24","PUT /category/search HTTP/1.1","401","643","https://www.harrington.org/about.php"
"212.2.169.36","[03/Jul/2018:16:34:24","PUT /explore/tag HTTP/1.1","200","899","http://www.simmons.net/"
"157.247.187.206","[03/Jul/2018:16:34:25","PUT /list HTTP/1.1","200","998","http://burton.com/category/main/author.php"
"104.57.60.56","[03/Jul/2018:16:34:25","PUT /categories/posts/search HTTP/1.1","400","958","http://www.daniels-gonzalez.com/faq.php"
"43.188.45.161","[03/Jul/2018:16:34:26","POST /wp-content/list/explore HTTP/1.1","401","415","http://clark.com/"
"1.199.254.16","[03/Jul/2018:16:34:26","PUT /search/app/tag HTTP/1.1","200","343","https://harrison-monroe.com/"
"143.165.67.206","[03/Jul/2018:16:34:27","PUT /search HTTP/1.1","400","974","https://jordan.com/search.asp"
"160.83.122.27","[03/Jul/2018:16:34:27","POST /app/explore HTTP/1.1","400","698","http://bauer.com/tags/posts/tags/terms.jsp"
"22.252.173.190","[03/Jul/2018:16:34:28","POST /search/list/categories HTTP/1.1","401","868","https://olson.com/explore/posts/list/category.htm"
"144.204.28.30","[03/Jul/2018:16:34:28","PUT /explore/search HTTP/1.1","400","477","http://www.johnson.net/privacy.html"
"48.214.123.237","[03/Jul/2018:16:34:29","GET /wp-content/wp-content HTTP/1.1","400","282","http://www.johnson-gonzalez.com/author.html"
"16.25.78.114","[03/Jul/2018:16:34:30","POST /explore HTTP/1.1","400","695","http://www.gardner-perez.com/explore/search/wp-content/login/"
"46.172.81.225","[03/Jul/2018:16:34:30","POST /main HTTP/1.1","200","161","https://www.walker.info/author/"
"233.89.66.142","[03/Jul/2018:16:34:31","PUT /list HTTP/1.1","400","140","https://jones-joyce.com/post.html"
"130.99.221.128","[03/Jul/2018:16:34:31","PUT /search/wp-content/category HTTP/1.1","400","95","https://ibarra-blackwell.com/faq.php"
"45.223.69.46","[03/Jul/2018:16:34:32","PUT /wp-content/posts HTTP/1.1","401","837","http://howard.com/wp-content/explore/login/"
"180.58.152.219","[03/Jul/2018:16:34:32","PUT /posts/tag HTTP/1.1","200","651","https://freeman-hurley.com/main/main/list/index/"
"177.230.192.175","[03/Jul/2018:16:34:33","PUT /category/explore HTTP/1.1","400","113","https://valencia.net/"
"233.92.209.239","[03/Jul/2018:16:34:34","PUT /main HTTP/1.1","200","538","https://stephens.com/index.html"
"43.70.172.23","[03/Jul/2018:16:34:34","POST /tag/category/search HTTP/1.1","200","820","https://webster.com/category/register.htm"
"7.128.142.221","[03/Jul/2018:16:34:35","POST /posts/blog/search HTTP/1.1","401","528","https://www.phillips.com/about/"
"168.25.238.104","[03/Jul/2018:16:34:35","GET /categories/wp-content/search HTTP/1.1","400","532","http://stokes.com/about/"
"62.240.117.23","[03/Jul/2018:16:34:36","PUT /tags/tag/category HTTP/1.1","401","268","http://dixon.com/tag/app/search/home.php"
"193.5.224.25","[03/Jul/2018:16:34:36","PUT /explore/categories HTTP/1.1","400","728","http://robinson-zhang.com/homepage/"
"199.187.3.104","[03/Jul/2018:16:34:37","GET /search/app HTTP/1.1","400","98","https://www.brown.com/search/category/wp-content/terms.php"
"139.183.125.77","[03/Jul/2018:16:34:38","GET /categories/blog HTTP/1.1","401","948","https://johnson.com/app/category/terms/"
"126.72.154.23","[03/Jul/2018:16:34:38","PUT /categories/tag HTTP/1.1","400","132","https://kim.com/posts/main/main/search/"
"36.161.255.166","[03/Jul/2018:16:34:39","PUT /categories HTTP/1.1","401","868","https://brown-rice.com/categories/about.htm"
"185.238.96.204","[03/Jul/2018:16:34:39","POST /wp-content HTTP/1.1","400","305","https://perry.com/homepage/"
"140.57.75.31","[03/Jul/2018:16:34:40","POST /blog/category/categories HTTP/1.1","401","836","http://www.benitez.com/category.htm"
"233.125.47.71","[03/Jul/2018:16:34:40","PUT /main/main HTTP/1.1","400","826","http://reid.org/search.html"
"232.210.79.46","[03/Jul/2018:16:34:41","POST /app/posts/category HTTP/1.1","400","471","https://www.pierce.com/tags/main/search/login/"
"24.133.227.57","[03/Jul/2018:16:34:41","PUT /categories/category/app HTTP/1.1","400","578","https://johnson.com/main/category/tag/login.html"
"67.47.94.66","[03/Jul/2018:16:34:42","PUT /blog/categories HTTP/1.1","200","870","http://mcdaniel.com/"
"40.26.178.222","[03/Jul/2018:16:34:43","GET /category/wp-content HTTP/1.1","401","353","http://wallace.com/faq.htm"
"213.59.90.72","[03/Jul/2018:16:34:43","GET /blog HTTP/1.1","401","270","http://www.day.com/search/"
"136.22.177.41","[03/Jul/2018:16:34:44","PUT /main/categories HTTP/1.1","400","762","http://porter.org/"
"241.96.4.204","[03/Jul/2018:16:34:44","POST /app/app/category HTTP/1.1","401","467","https://www.wong-shepherd.biz/"
"87.140.63.122","[03/Jul/2018:16:34:45","GET /app/tag/tags HTTP/1.1","401","297","https://www.hart-conley.org/post/"
"78.222.193.166","[03/Jul/2018:16:34:45","PUT /category/list/app HTTP/1.1","401","922","http://hendricks-knight.com/about/"
"43.88.108.104","[03/Jul/2018:16:34:46","POST /main/list/app HTTP/1.1","400","883","https://cochran.com/search/"
"77.41.129.86","[03/Jul/2018:16:34:46","GET /posts/main HTTP/1.1","401","94","https://reid.info/search/tag/search/faq/"
"124.6.242.252","[03/Jul/2018:16:34:47","POST /posts/tags HTTP/1.1","200","34","http://www.young.info/list/main/category/about/"
"93.46.14.204","[03/Jul/2018:16:34:48","PUT /wp-content/categories/explore HTTP/1.1","400","260","http://www.jenkins.com/main.html"
"8.226.194.90","[03/Jul/2018:16:34:48","PUT /main/list/search HTTP/1.1","200","696","https://rogers.com/search/about/"
"251.182.41.193","[03/Jul/2018:16:34:49","PUT /app/category/tags HTTP/1.1","400","58","http://www.fischer.org/posts/main/index.htm"
"41.62.37.103","[03/Jul/2018:16:34:49","POST /list/tags HTTP/1.1","400","376","https://lopez.biz/main.html"
"58.91.64.195","[03/Jul/2018:16:34:50","POST /list/app/posts HTTP/1.1","200","825","https://shaw.biz/home.php"
"77.129.92.55","[03/Jul/2018:16:34:50","POST /categories HTTP/1.1","200","924","https://www.tapia.com/search.php"
"3.141.46.211","[03/Jul/2018:16:34:51","POST /posts/category HTTP/1.1","400","815","https://welch-reed.com/posts/tag/faq.php"
"229.94.85.61","[03/Jul/2018:16:34:52","POST /explore/main/list HTTP/1.1","401","207","https://aguilar-nguyen.com/"
"160.227.156.236","[03/Jul/2018:16:34:52","GET /wp-content/posts HTTP/1.1","200","285","http://www.oconnell-park.net/main/main/home/"
"7.44.70.78","[03/Jul/2018:16:34:53","PUT /explore/posts/tag HTTP/1.1","400","368","http://www.galvan-williams.com/app/homepage.html"
"185.178.141.234","[03/Jul/2018:16:34:53","GET /main/search HTTP/1.1","400","116","http://www.peterson.com/"
"178.114.214.112","[03/Jul/2018:16:34:54","PUT /app/explore HTTP/1.1","401","937","https://morris.com/categories/posts/wp-content/about.jsp"
"50.73.117.25","[03/Jul/2018:16:34:55","PUT /posts HTTP/1.1","200","935","http://wells.com/blog/posts/search/author.html"
"156.210.152.155","[03/Jul/2018:16:34:55","GET /category/tags HTTP/1.1","400","528","http://www.guerrero-wilson.com/tags/homepage/"
"132.84.45.57","[03/Jul/2018:16:34:56","PUT /explore/tag/app HTTP/1.1","400","900","https://www.bell.com/home.php"
"15.223.153.144","[03/Jul/2018:16:34:56","PUT /wp-content/search HTTP/1.1","401","311","http://www.velez.com/tag/register.html"
"157.5.66.234","[03/Jul/2018:16:34:57","GET /category HTTP/1.1","400","988","https://www.thomas.com/"
"217.44.71.150","[03/Jul/2018:16:34:57","GET /search/wp-content HTTP/1.1","400","606","https://mckinney.com/privacy.jsp"
"69.223.175.113","[03/Jul/2018:16:34:58","GET /app HTTP/1.1","401","542","http://www.sweeney-sanders.net/tag/privacy.htm"
"183.9.83.117","[03/Jul/2018:16:34:58","PUT /search/explore/posts HTTP/1.1","401","851","https://www.collins-owens.com/"
"57.142.9.171","[03/Jul/2018:16:34:59","POST /list/blog HTTP/1.1","400","354","http://nash-evans.com/main.htm"
"9.7.36.23","[03/Jul/2018:16:34:59","POST /categories/posts/categories HTTP/1.1","400","146","http://www.huffman-richardson.biz/blog/main/category/faq.jsp"
"145.158.80.105","[03/Jul/2018:16:35:00","GET /category/blog HTTP/1.1","400","816","https://williams.com/app/blog/tags/author.html"
"200.138.63.15","[03/Jul/2018:16:35:01","POST /tags HTTP/1.1","400","566","http://freeman.org/main.htm"
"161.217.123.139","[03/Jul/2018:16:35:01","POST /main HTTP/1.1","400","311","https://lee-hanna.com/"
"54.104.216.106","[03/Jul/2018:16:35:02","POST /app HTTP/1.1","400","871","https://www.zhang-petersen.info/"
"254.233.21.53","[03/Jul/2018:16:35:02","PUT /tags/blog HTTP/1.1","401","97","https://www.huffman.biz/privacy.php"
"40.29.190.177","[03/Jul/2018:16:35:03","POST /main/tag HTTP/1.1","401","964","http://www.harvey-jefferson.info/wp-content/wp-content/search/"
"209.115.172.10","[03/Jul/2018:16:35:03","PUT /search HTTP/1.1","200","985","http://www.williams-jones.biz/tag/about/"
"224.82.42.108","[03/Jul/2018:16:35:04","PUT /tags/list/wp-content HTTP/1.1","400","114","http://www.anderson.com/privacy.html"
"225.233.253.225","[03/Jul/2018:16:35:04","PUT /tags HTTP/1.1","401","342","http://www.long.info/wp-content/category.php"
"2.115.253.162","[03/Jul/2018:16:35:05","PUT /explore HTTP/1.1","400","805","https://www.roberson-miller.org/terms.php"
"79.60.21.227","[03/Jul/2018:16:35:06","POST /list/categories/search HTTP/1.1","400","212","http://bush-key.net/"
"69.163.182.239","[03/Jul/2018:16:35:06","PUT /explore/categories/main HTTP/1.1","401","82","https://www.moore.com/"
"240.111.180.105","[03/Jul/2018:16:35:07","POST /posts/app/tags HTTP/1.1","401","586","https://www.smith-friedman.com/author/"
"119.70.182.67","[03/Jul/2018:16:35:07","GET /tags/tags/explore HTTP/1.1","200","680","https://alexander.info/tag/search.php"
"3.235.103.188","[03/Jul/2018:16:35:08","POST /list/category/search HTTP/1.1","200","254","http://henry.com/tag/main/categories/main.htm"
"72.134.238.147","[03/Jul/2018:16:35:09","PUT /app HTTP/1.1","400","673","http://mendoza-kirk.org/register/"
"96.216.209.143","[03/Jul/2018:16:35:09","GET /app/search HTTP/1.1","401","699","http://kramer.com/app/blog/category.html"
"168.7.9.253","[03/Jul/2018:16:35:10","PUT /app/explore/main HTTP/1.1","200","823","http://hester.com/post.php"
"225.71.158.44","[03/Jul/2018:16:35:10","POST /main/list HTTP/1.1","400","697","https://cordova-holland.com/wp-content/search/home/"
"97.49.69.223","[03/Jul/2018:16:35:11","PUT /list/search/categories HTTP/1.1","401","996","http://www.shaffer.net/"
"185.30.45.69","[03/Jul/2018:16:35:11","GET /posts/wp-content HTTP/1.1","401","328","http://johnson.info/privacy/"
"56.117.11.240","[03/Jul/2018:16:35:12","POST /list/tag HTTP/1.1","401","962","https://fields-brown.com/register/"
"127.229.80.153","[03/Jul/2018:16:35:13","GET /app/posts HTTP/1.1","401","17","https://moses.info/category/blog/main/privacy.html"
"117.52.225.11","[03/Jul/2018:16:35:13","GET /main/search/posts HTTP/1.1","200","122","http://kim.com/wp-content/search/main/"
"81.135.177.247","[03/Jul/2018:16:35:14","PUT /wp-content HTTP/1.1","400","372","https://delgado-watts.com/posts/terms/"
"1.46.206.222","[03/Jul/2018:16:35:14","PUT /wp-content/main HTTP/1.1","200","25","http://buchanan.com/category/home/"
"160.28.157.185","[03/Jul/2018:16:35:15","PUT /wp-content/list HTTP/1.1","401","751","http://www.simpson.info/category/search/tag/register/"
"189.12.105.162","[03/Jul/2018:16:35:15","PUT /categories HTTP/1.1","401","562","https://wilson.com/author/"
"239.220.241.249","[03/Jul/2018:16:35:16","POST /search/list HTTP/1.1","400","727","https://thompson-johnson.com/tag/category/wp-content/author/"
"98.218.33.71","[03/Jul/2018:16:35:16","GET /tags/main/main HTTP/1.1","401","764","http://www.blevins.com/"
"181.123.162.67","[03/Jul/2018:16:35:17","PUT /search HTTP/1.1","200","525","http://www.lopez.info/homepage/"
"47.41.230.72","[03/Jul/2018:16:35:17","GET /app/list/blog HTTP/1.1","400","442","http://www.harmon.net/main/"
"14.131.117.20","[03/Jul/2018:16:35:18","POST /tag/list/blog HTTP/1.1","200","847","http://www.taylor.com/register.jsp"
"158.236.130.176","[03/Jul/2018:16:35:19","POST /main/categories HTTP/1.1","200","803","https://williams.com/login.html"
"7.49.62.191","[03/Jul/2018:16:35:19","PUT /app/categories/blog HTTP/1.1","200","730","https://zimmerman.com/app/categories/privacy.php"
"210.74.7.109","[03/Jul/2018:16:35:20","GET /categories/list/wp-content HTTP/1.1","200","614","http://fuller.net/posts/app/category/terms/"
"34.37.40.183","[03/Jul/2018:16:35:20","POST /category HTTP/1.1","400","778","http://www.walker-brock.org/main.htm"
"222.160.15.253","[03/Jul/2018:16:35:21","POST /main/categories HTTP/1.1","200","166","http://shelton.com/categories/app/login/"
"35.241.22.170","[03/Jul/2018:16:35:21","POST /main HTTP/1.1","200","574","https://www.burke.org/"
"148.208.172.48","[03/Jul/2018:16:35:22","PUT /list/tags/search HTTP/1.1","200","757","http://www.flores-horn.com/register/"
"85.186.249.252","[03/Jul/2018:16:35:23","GET /categories/blog/tag HTTP/1.1","401","527","https://schneider-warren.net/login/"
"88.121.161.97","[03/Jul/2018:16:35:23","PUT /search/category HTTP/1.1","400","310","https://keller.info/category/category/register/"
"154.224.200.116","[03/Jul/2018:16:35:24","PUT /main HTTP/1.1","400","397","https://www.sims-mcgrath.com/categories/main/home.htm"
"235.119.47.79","[03/Jul/2018:16:35:24","POST /categories HTTP/1.1","401","49","http://myers-burns.com/post.php"
"114.80.206.9","[03/Jul/2018:16:35:25","GET /search/wp-content/tag HTTP/1.1","401","122","http://www.hoffman-miller.biz/"
"78.86.55.239","[03/Jul/2018:16:35:26","GET /tag HTTP/1.1","401","966","https://www.williams-harmon.com/"
"164.140.153.73","[03/Jul/2018:16:35:26","PUT /explore/list HTTP/1.1","400","254","https://wilson.com/main/tag/categories/about.html"
"237.55.173.82","[03/Jul/2018:16:35:27","POST /search/tags/search HTTP/1.1","200","538","http://www.carpenter.com/homepage/"
"137.105.218.87","[03/Jul/2018:16:35:27","PUT /list HTTP/1.1","200","612","http://www.barnett.com/terms.html"
"57.147.8.145","[03/Jul/2018:16:35:28","PUT /tag/list/wp-content HTTP/1.1","200","641","https://www.thomas-todd.com/tag/tag/main.asp"
"128.67.111.99","[03/Jul/2018:16:35:28","GET /search/explore/list HTTP/1.1","200","976","http://www.smith.com/"
"231.218.228.65","[03/Jul/2018:16:35:29","GET /list/tag HTTP/1.1","400","723","http://chambers-horn.info/tag/about/"
"243.27.20.92","[03/Jul/2018:16:35:29","PUT /posts/search HTTP/1.1","400","734","https://santiago.com/tags/login/"
"191.204.52.30","[03/Jul/2018:16:35:30","GET /blog HTTP/1.1","400","555","https://lewis-davis.com/explore/privacy.htm"
"120.160.103.119","[03/Jul/2018:16:35:30","POST /blog/tag/main HTTP/1.1","401","685","http://www.mendoza.com/search.html"
"181.20.10.221","[03/Jul/2018:16:35:31","PUT /explore HTTP/1.1","400","772","https://www.chaney.com/posts/explore/wp-content/search.html"
"7.75.25.101","[03/Jul/2018:16:35:31","GET /explore/category/explore HTTP/1.1","200","335","https://www.chan.biz/category.asp"
"85.94.139.122","[03/Jul/2018:16:35:32","GET /tags/category/app HTTP/1.1","401","349","https://jenkins.net/"
"161.64.150.169","[03/Jul/2018:16:35:33","POST /posts/app/list HTTP/1.1","401","774","http://www.clark-gonzalez.info/index.php"
"99.114.251.190","[03/Jul/2018:16:35:33","POST /wp-content HTTP/1.1","401","147","http://jackson-wright.com/search/tag/terms/"
"179.240.233.228","[03/Jul/2018:16:35:34","POST /search/tag HTTP/1.1","400","299","http://www.doyle-calderon.com/faq.htm"
"87.247.65.140","[03/Jul/2018:16:35:34","POST /explore HTTP/1.1","400","93","http://mack-lawrence.com/category.php"
"179.115.133.218","[03/Jul/2018:16:35:35","PUT /app HTTP/1.1","200","318","https://melendez.com/"
"208.225.177.60","[03/Jul/2018:16:35:35","GET /tags/blog HTTP/1.1","200","744","http://wilson.com/register.html"
"177.90.134.29","[03/Jul/2018:16:35:36","POST /tags/wp-content HTTP/1.1","401","775","http://newton.com/main/main/tags/index/"
"224.141.232.169","[03/Jul/2018:16:35:36","GET /tag HTTP/1.1","200","408","http://www.contreras-wilson.com/"
"234.232.202.64","[03/Jul/2018:16:35:37","POST /app/category/main HTTP/1.1","401","344","https://www.santana-morales.info/homepage/"
"153.108.121.9","[03/Jul/2018:16:35:38","POST /tags/tags/main HTTP/1.1","401","512","http://rojas-beck.org/categories/tags/list/category/"
"186.72.165.156","[03/Jul/2018:16:35:38","GET /list HTTP/1.1","200","640","http://zhang-ortega.biz/faq.asp"
"163.108.116.238","[03/Jul/2018:16:35:39","POST /main/tags/main HTTP/1.1","200","223","https://mills-warner.com/categories/list/post/"
"110.110.238.93","[03/Jul/2018:16:35:39","PUT /categories HTTP/1.1","400","507","http://schmitt.info/category/app/privacy.html"
"55.19.156.71","[03/Jul/2018:16:35:40","PUT /main/blog HTTP/1.1","400","110","https://hall-snyder.com/terms.asp"
"181.8.58.89","[03/Jul/2018:16:35:41","POST /categories/blog/wp-content HTTP/1.1","200","996","http://walker-nelson.com/search/"
"80.192.120.216","[03/Jul/2018:16:35:41","GET /category HTTP/1.1","400","16","https://lewis-solomon.com/search/"
"163.93.247.126","[03/Jul/2018:16:35:42","GET /list/list HTTP/1.1","401","856","http://www.townsend.com/search/search.htm"
"15.251.22.221","[03/Jul/2018:16:35:42","PUT /main HTTP/1.1","200","499","https://www.walsh.net/"
"105.218.252.149","[03/Jul/2018:16:35:43","GET /posts/search/search HTTP/1.1","200","46","http://lester-mitchell.com/"
"64.233.60.59","[03/Jul/2018:16:35:43","GET /tag/app/category HTTP/1.1","200","754","https://harris.net/"
"190.240.222.175","[03/Jul/2018:16:35:44","PUT /categories/app/list HTTP/1.1","200","414","https://pierce.net/"
"85.152.55.193","[03/Jul/2018:16:35:45","POST /app/tag/search HTTP/1.1","401","234","https://johnson.com/tag/tags/search/category.asp"
"150.156.208.21","[03/Jul/2018:16:35:45","PUT /categories/category HTTP/1.1","200","719","https://lopez.com/category/faq.html"
"8.128.161.109","[03/Jul/2018:16:35:46","GET /categories/explore HTTP/1.1","200","516","http://barnett.com/tags/list/terms/"
"166.51.171.21","[03/Jul/2018:16:35:46","GET /categories/tags HTTP/1.1","200","949","http://www.carpenter-paul.org/author.html"
"60.157.62.46","[03/Jul/2018:16:35:47","POST /list/category HTTP/1.1","200","284","https://johnson.com/tags/category/"
"53.129.180.10","[03/Jul/2018:16:35:47","GET /tags HTTP/1.1","401","479","https://www.rodgers.com/wp-content/category/homepage.htm"
"232.114.234.76","[03/Jul/2018:16:35:48","GET /tags/app/main HTTP/1.1","400","331","http://gonzalez.org/list/register/"
"74.202.22.236","[03/Jul/2018:16:35:48","PUT /tag HTTP/1.1","200","71","https://jackson-singh.net/app/faq/"
"148.68.49.22","[03/Jul/2018:16:35:49","PUT /posts/categories HTTP/1.1","401","683","http://meyer-jones.com/blog/search/author/"
"178.24.181.223","[03/Jul/2018:16:35:50","POST /categories/main HTTP/1.1","401","505","http://www.mendoza.biz/homepage/"
"23.84.218.98","[03/Jul/2018:16:35:50","PUT /explore HTTP/1.1","401","368","https://www.holmes.info/posts/tags/faq.asp"
"168.248.73.61","[03/Jul/2018:16:35:51","PUT /explore/blog HTTP/1.1","400","851","http://johnson.com/main/homepage.php"
"125.135.81.248","[03/Jul/2018:16:35:51","PUT /wp-content/main HTTP/1.1","400","295","http://bean-garcia.com/tag/list/index.html"
"71.170.153.28","[03/Jul/2018:16:35:52","POST /category/list HTTP/1.1","401","302","http://martin-lewis.com/faq/"
"176.164.31.28","[03/Jul/2018:16:35:53","GET /tag HTTP/1.1","200","274","https://rice-robertson.info/"
"40.85.246.156","[03/Jul/2018:16:35:53","PUT /search/category/explore HTTP/1.1","401","132","https://www.richmond-hall.biz/list/search/privacy.html"
"43.44.115.125","[03/Jul/2018:16:35:54","POST /tags/posts/tags HTTP/1.1","200","216","http://www.burns.org/tags/main/"
"64.145.227.123","[03/Jul/2018:16:35:54","PUT /category/list HTTP/1.1","200","610","http://murphy.info/main/"
"238.52.19.105","[03/Jul/2018:16:35:55","PUT /category HTTP/1.1","401","964","http://brown.com/index/"
"147.50.217.98","[03/Jul/2018:16:35:56","PUT /explore HTTP/1.1","400","571","https://www.norman.com/privacy/"
"135.204.165.232","[03/Jul/2018:16:35:56","PUT /category HTTP/1.1","200","846","https://www.castro.com/"
"218.146.140.3","[03/Jul/2018:16:35:57","GET /explore/wp-content/blog HTTP/1.1","400","38","https://nguyen.com/"
"230.191.52.70","[03/Jul/2018:16:35:58","PUT /wp-content/tag HTTP/1.1","401","869","https://garcia.com/categories/explore/tag/about.html"
"48.124.66.211","[03/Jul/2018:16:35:58","POST /list/posts HTTP/1.1","400","566","https://davis.biz/search/main/main/index/"
"171.104.242.242","[03/Jul/2018:16:35:59","GET /tag/tag HTTP/1.1","401","232","https://cook-snyder.info/main/category/main/"
"133.241.35.26","[03/Jul/2018:16:36:00","PUT /main HTTP/1.1","401","207","http://parker-evans.com/category/categories/index.php"
"203.144.122.19","[03/Jul/2018:16:36:00","PUT /category/posts/blog HTTP/1.1","400","689","http://conrad.info/login.html"
"201.195.252.20","[03/Jul/2018:16:36:01","GET /blog HTTP/1.1","400","327","https://rodriguez.biz/search/"
"157.234.229.137","[03/Jul/2018:16:36:01","PUT /explore HTTP/1.1","400","703","https://anderson.com/index.php"
"153.219.203.2","[03/Jul/2018:16:36:02","PUT /category HTTP/1.1","400","540","http://www.andrews.com/list/faq.html"
"186.153.104.146","[03/Jul/2018:16:36:02","GET /explore HTTP/1.1","400","212","http://shaw.org/blog/main/homepage/"
"2.203.247.38","[03/Jul/2018:16:36:03","PUT /main HTTP/1.1","200","280","http://porter.info/"
"88.69.179.225","[03/Jul/2018:16:36:03","POST /list/categories HTTP/1.1","400","950","http://walton.com/list/explore/category/terms/"
"185.20.154.181","[03/Jul/2018:16:36:04","PUT /tag/blog HTTP/1.1","200","72","http://alvarado.com/blog/app/category/"
"57.205.208.89","[03/Jul/2018:16:36:04","PUT /posts/tag HTTP/1.1","200","518","https://www.hammond-alexander.net/search/"
"139.114.25.131","[03/Jul/2018:16:36:05","PUT /list HTTP/1.1","400","456","https://ford-taylor.com/category/"
"14.7.185.243","[03/Jul/2018:16:36:05","GET /search HTTP/1.1","400","356","https://morrow.net/search.php"
"150.254.64.230","[03/Jul/2018:16:36:06","PUT /wp-content/categories HTTP/1.1","200","716","https://www.baker.com/search/explore/tag/author.php"
"8.38.55.248","[03/Jul/2018:16:36:06","POST /posts HTTP/1.1","200","634","http://www.hardy.org/"
"31.213.127.172","[03/Jul/2018:16:36:07","GET /tags HTTP/1.1","401","804","https://edwards.com/search.html"
"39.9.119.8","[03/Jul/2018:16:36:08","PUT /search/list HTTP/1.1","200","626","https://turner.com/app/main/post/"
"230.237.120.18","[03/Jul/2018:16:36:08","PUT /posts/app/explore HTTP/1.1","200","958","https://www.ponce-ayers.net/main/"
"20.223.10.65","[03/Jul/2018:16:36:09","POST /tag/posts HTTP/1.1","200","328","https://cooley.info/posts/author.html"
"15.74.130.50","[03/Jul/2018:16:36:09","GET /main/search/posts HTTP/1.1","401","145","https://wood-holt.com/index/"
"157.155.198.141","[03/Jul/2018:16:36:10","PUT /categories/main HTTP/1.1","400","561","http://www.higgins.com/category/author/"
"14.5.231.108","[03/Jul/2018:16:36:11","PUT /categories/blog/category HTTP/1.1","401","723","http://www.mckee.org/"
"121.173.43.193","[03/Jul/2018:16:36:11","GET /categories/category HTTP/1.1","400","763","https://wilson.com/home.asp"
"211.110.92.135","[03/Jul/2018:16:36:12","GET /app/categories/app HTTP/1.1","200","359","http://hill-weiss.com/main.jsp"
"112.133.134.137","[03/Jul/2018:16:36:13","PUT /search/tag HTTP/1.1","400","528","https://www.mendoza.biz/list/register/"
"172.59.55.227","[03/Jul/2018:16:36:13","GET /category/blog HTTP/1.1","400","383","https://www.miller-curtis.com/"
"2.117.18.93","[03/Jul/2018:16:36:14","POST /category/search HTTP/1.1","200","133","https://www.decker.com/search.html"
"7.131.78.69","[03/Jul/2018:16:36:15","PUT /list/explore/explore HTTP/1.1","200","591","http://shepard-acevedo.com/post.asp"
"147.88.191.180","[03/Jul/2018:16:36:15","POST /app/main HTTP/1.1","400","723","http://www.jackson-bullock.com/homepage/"
"74.202.74.158","[03/Jul/2018:16:36:16","GET /categories/list/tag HTTP/1.1","200","167","http://jackson-tran.org/"
"87.164.199.116","[03/Jul/2018:16:36:16","PUT /posts/main/list HTTP/1.1","401","65","https://www.mitchell-conrad.com/"
"70.216.182.146","[03/Jul/2018:16:36:17","PUT /blog/wp-content/tag HTTP/1.1","400","904","https://pearson-sherman.biz/post.php"
"68.209.84.116","[03/Jul/2018:16:36:17","POST /wp-content/posts HTTP/1.1","200","191","http://scott-smith.net/privacy/"
"146.186.86.219","[03/Jul/2018:16:36:18","GET /main/tags HTTP/1.1","401","703","http://hamilton-wilson.com/home/"
"5.103.240.222","[03/Jul/2018:16:36:19","GET /list/tags HTTP/1.1","401","182","http://turner-ball.org/"
